<?xml version="1.0" encoding="UTF-8"?>
<!DOCTYPE hibernate-configuration PUBLIC
		"-//Hibernate/Hibernate Configuration DTD 3.0//EN"
		"http://www.hibernate.org/dtd/hibernate-configuration-3.0.dtd">
<hibernate-configuration>
    <session-factory>
		<property name="hibernate.connection.driver_class">com.mysql.jdbc.Driver</property>
		<property name="hibernate.connection.url">jdbc:mysql://localhost:3306/coopportal</property>
		<property name="hibernate.connection.username">root</property>
		<property name="hibernate.connection.password">barkha</property>
		<property name="hibernate.hbm2ddl.auto">update</property>
		<property name="hibernate.dialect">org.hibernate.dialect.MySQL5Dialect</property>
		<property name="hibernate.show_sql">true</property>
		
<property name="hibernate.connection.characterEncoding">utf8</property>

		<mapping class="com.neu.CoopPortal.pojo.User" />
		<mapping class="com.neu.CoopPortal.pojo.Company" />
		<mapping class="com.neu.CoopPortal.pojo.Email" />
		<!-- <mapping class="com.neu.CoopPortal.pojo.Employer" /> -->
		<mapping class="com.neu.CoopPortal.pojo.Person" />
		<mapping class="com.neu.CoopPortal.pojo.JobList" />
		

	</session-factory>
</hibernate-configuration>
